253, 255, 183, 131
253, 255, 183, 108
253, 255, 184, 138
253, 255, 184, 122
253, 255, 184, 131
253, 255, 183, 139
253, 255, 185, 102
255, 255, 188, 11
255, 252, 191, 154
255, 252, 191, 161
255, 253, 192, 167
255, 253, 190, 253
255, 253, 190, 34
255, 253, 191, 101
255, 253, 191, 170
255, 252, 191, 148
255, 253, 190, 42
255, 252, 190, 185
255, 252, 194, 80
255, 250, 196, 169
255, 250, 199, 162
255, 250, 200, 252
255, 250, 197, 192
255, 252, 191, 110
255, 253, 190, 12
255, 251, 190, 127
255, 251, 191, 247
255, 249, 191, 187
255, 250, 192, 156
255, 249, 192, 202
255, 246, 193, 158
255, 246, 193, 38
255, 246, 195, 164
255, 246, 194, 82
255, 250, 192, 20
255, 251, 191, 238
255, 251, 192, 133
255, 252, 192, 170
255, 253, 190, 118
255, 254, 189, 94
255, 254, 188, 186
255, 253, 188, 141
254, 255, 184, 239
246, 255, 170, 185
239, 255, 168, 33
227, 255, 188, 15
228, 255, 187, 39
239, 255, 168, 243
255, 255, 188, 146
255, 246, 195, 59
255, 247, 196, 156
255, 252, 191, 41
251, 255, 180, 25
247, 255, 172, 222
242, 255, 168, 157
243, 255, 168, 175
255, 255, 188, 109
255, 249, 194, 5
255, 245, 198, 202
255, 245, 196, 202
255, 248, 193, 119
255, 250, 193, 4
255, 251, 191, 80
255, 253, 193, 109
255, 254, 196, 47
255, 253, 194, 146
255, 255, 194, 32
255, 255, 189, 183
255, 255, 188, 33
255, 254, 190, 185
255, 253, 190, 208
255, 254, 190, 35
255, 253, 189, 35
255, 255, 188, 222
255, 255, 187, 154
255, 255, 190, 70
255, 254, 193, 18
255, 253, 195, 169
255, 255, 196, 25
254, 255, 190, 235
255, 255, 186, 125
255, 254, 190, 176
255, 251, 191, 224
255, 251, 192, 178
255, 250, 192, 104
255, 251, 190, 246
255, 252, 191, 124
255, 249, 192, 13
255, 248, 192, 142
255, 248, 193, 247
255, 246, 198, 13
255, 241, 201, 225
255, 243, 201, 179
255, 243, 197, 22
255, 247, 194, 5
255, 253, 191, 64
255, 255, 188, 49
253, 255, 185, 199
254, 255, 185, 4
255, 255, 188, 79
